Dataset  ;Spectrum fi;ID       ;Time/ch  ;Fit min  ;Fit max  ;Chi-sqr/x;Std dev  ;Lifet-1  ;Std dev  ;Sigma-1  ;Std dev  ;Itens-1  ;Std dev  ;Lifet-2  ;Std dev  ;Sigma-2  ;Std dev  ;Itens-2  ;Std dev  ;LT_mean  ;Std dev  ;Bkg      ;Std dev  ;T0       ;Std dev  ;Area(fit)   ;Area(table) ;
   1     ;180_230.dat;00001 Unt;0.005000 ;1367     ;8284     ;1.077    ;0.017    ;0.1805   ;0.0044   ;0.0000   ;0.0000   ;74.9378  ;14.4738  ;0.2244   ;0.0125   ;0.0000   ;0.0000   ;25.0622  ;14.4738  ;0.1915   ;0.0001   ;8.5002   ;0.0352   ;1400.0055;0.0230   ;5.73507E+06 ;5.73500E+06 ;
   2     ;180_230.dat;00002 Unt;0.005000 ;1367     ;8284     ;1.070    ;0.017    ;0.1816   ;0.0085   ;0.0000   ;0.0000   ;50.8249  ;21.1971  ;0.2209   ;0.0084   ;0.0000   ;0.0000   ;49.1751  ;21.1971  ;0.2009   ;0.0001   ;8.4970   ;0.0352   ;1400.0064;0.0242   ;5.73453E+06 ;5.73500E+06 ;
   3     ;180_230.dat;00003 Unt;0.005000 ;1367     ;8284     ;1.038    ;0.017    ;0.1872   ;0.0012   ;0.0000   ;0.0000   ;96.9049  ;2.7598   ;0.2664   ;0.0346   ;0.0000   ;0.0000   ;3.0951   ;2.7598   ;0.1896   ;0.0001   ;8.5414   ;0.0355   ;1399.9838;0.0209   ;5.73551E+06 ;5.73500E+06 ;
