Dataset  ;Spectrum file           ;ID       ;Time/ch  ;Fit min  ;Fit max  ;Chi-sqr/x;Std dev  ;Lifet-1  ;Std dev  ;Sigma-1  ;Std dev  ;Itens-1  ;Std dev  ;Lifet-2  ;Std dev  ;Sigma-2  ;Std dev  ;Itens-2  ;Std dev  ;Lifet-3  ;Std dev  ;Sigma-3  ;Std dev  ;Itens-3  ;Std dev  ;LT_mean  ;Std dev  ;Bkg      ;Std dev  ;T0       ;Std dev  ;Area(fit)   ;Area(table) ;
   1     ;240125_DJK Suggested.dat;00001 UNC;0.003000 ;2940     ;15008    ;0.647    ;0.013    ;0.3700   ;0.0002   ;0.0000   ;0.0000   ;99.8062  ;0.0507   ;1.3059   ;0.8023   ;0.0000   ;0.0000   ;0.0891   ;0.0339   ;3.0511   ;0.6088   ;0.0000   ;0.0000   ;0.1047   ;0.0546   ;0.3737   ;0.0002   ;0.4905   ;0.0145   ;3000.0241;0.0284   ;1.00088E+07 ;1.00090E+07 ;
   2     ;240125_DJK Suggested.dat;00002 UNC;0.003000 ;2940     ;15008    ;0.649    ;0.013    ;0.3640   ;0.0011   ;0.0000   ;0.0000   ;71.1344  ;0.0251   ;0.4092   ;0.0027   ;0.0000   ;0.0000   ;28.7176  ;0.0243   ;2.6185   ;0.0952   ;0.0000   ;0.0000   ;0.1480   ;0.0067   ;0.3804   ;0.0002   ;0.5040   ;0.0123   ;3000.0018;0.0308   ;1.00088E+07 ;1.00090E+07 ;
   3     ;240125_DJK Suggested.dat;00003 UNC;0.003000 ;2940     ;15008    ;0.643    ;0.013    ;0.3724   ;0.0073   ;0.0000   ;0.0000   ;85.4293  ;15.1085  ;0.4567   ;0.0462   ;0.0000   ;0.0000   ;14.4305  ;15.1012  ;2.5967   ;0.1304   ;0.0000   ;0.0000   ;0.1401   ;0.0104   ;0.3877   ;0.0002   ;0.5074   ;0.0125   ;2999.9950;0.0340   ;1.00087E+07 ;1.00090E+07 ;
   4     ;240125_DJK Suggested.dat;00003 UNC;0.003000 ;2940     ;15008    ;0.625    ;0.013    ;0.3830   ;0.0116   ;0.0000   ;0.0000   ;70.1026  ;21.7405  ;0.4597   ;0.0292   ;0.0000   ;0.0000   ;29.7598  ;21.7337  ;2.7224   ;0.1374   ;0.0000   ;0.0000   ;0.1376   ;0.0100   ;0.4090   ;0.0002   ;0.5012   ;0.0127   ;3000.0274;0.0350   ;1.00088E+07 ;1.00090E+07 ;
   5     ;240125_DJK Suggested.dat;00003 UNC;0.003000 ;2940     ;15009    ;0.644    ;0.013    ;0.3333   ;0.0535   ;0.0000   ;0.0000   ;7.5367   ;8.1970   ;0.4354   ;0.0049   ;0.0000   ;0.0000   ;92.3008  ;8.1899   ;2.4673   ;0.1102   ;0.0000   ;0.0000   ;0.1625   ;0.0112   ;0.4310   ;0.0002   ;0.5038   ;0.0124   ;2999.9628;0.0391   ;1.00089E+07 ;1.00090E+07 ;
